"account_id","userid","user_pass","sex","email","group_id","state","unban_time","expiration_time","logincount","lastlogin","last_ip","birthdate","character_slots","pincode","pincode_change","vip_time","old_group","web_auth_token","web_auth_token_enabled"
"1","s1","p1","S","athena@athena.com","0","0","0","0","71","2025-06-14 15:11:49","192.168.1.3",NULL,"0",,"0","0","0",NULL,"0"
"2000000","admin","123456","M","a@a.com","99","0","0","0","11","2025-02-09 22:00:37","127.0.0.1",NULL,"15",,"0","0","0",NULL,"0"
"2000001","charismamamet","qwerty","M",,"99","0","0","0","86","2025-06-14 15:14:19","127.0.0.1",NULL,"0",,"0","0","0","90a6881b516bba1b","0"
"2000002","tanteratna","qwerty","M","a@a.com","0","0","0","0","33","2025-05-18 14:54:24","127.0.0.1",NULL,"15",,"0","0","0",NULL,"0"
"2000003","crebuscunt",,"M",,"0","0","0","0","0",NULL,,NULL,"0",,"0","0","0",NULL,"0"
"2000004","trebuchet",,"M",,"0","0","0","0","0",NULL,,NULL,"0",,"0","0","0",NULL,"0"
"2000005","clapaucius",,"F",,"0","0","0","0","20","2024-06-01 09:54:42",,NULL,"0",,"0","0","0",NULL,"0"
"2000006","trattorian",,"F",,"0","0","0","0","0",NULL,,NULL,"0",,"0","0","0",NULL,"0"
"2000007","asyafiq",,"M",,"0","0","0","0","0",NULL,,NULL,"0",,"0","0","0",NULL,"0"
